FBX File,Object Name
Volumetric Pumpkin Sketch.fbx,Box001
Volumetric Pumpkin Sketch.fbx,Box002
Volumetric Pumpkin Sketch.fbx,Box003
Volumetric Pumpkin Sketch.fbx,Circle001
Volumetric Pumpkin Sketch.fbx,Circle002
Volumetric Pumpkin Sketch.fbx,Group50713
Volumetric Pumpkin Sketch.fbx,Group50714
Volumetric Pumpkin Sketch.fbx,Group50715
Volumetric Pumpkin Sketch.fbx,Group50716
Volumetric Pumpkin Sketch.fbx,Group50717
Volumetric Pumpkin Sketch.fbx,Group50718
Volumetric Pumpkin Sketch.fbx,Group50719
Volumetric Pumpkin Sketch.fbx,Group50720
Volumetric Pumpkin Sketch.fbx,Line001
Volumetric Pumpkin Sketch.fbx,Line002
Volumetric Pumpkin Sketch.fbx,Line003
Volumetric Pumpkin Sketch.fbx,Line004
Volumetric Pumpkin Sketch.fbx,Line005
Volumetric Pumpkin Sketch.fbx,Rectangle002
Volumetric Pumpkin Sketch.fbx,Sphere001
Volumetric Pumpkin Sketch.fbx,Sphere002
Volumetric Spiral Sketch.fbx,Group50719
Volumetric Spiral Sketch.fbx,Group50720
Volumetric Spiral Sketch.fbx,Heart_GEO
Volumetric Spiral Sketch.fbx,Helix001
Volumetric Spiral Sketch.fbx,Helix002
Volumetric Spiral Sketch.fbx,Helix003
Volumetric Spiral Sketch.fbx,Helix004
Volumetric Spiral Sketch.fbx,Helix005
Volumetric Spiral Sketch.fbx,Helix006
Volumetric Spiral Sketch.fbx,Line001
Volumetric Spiral Sketch.fbx,Line002
Volumetric Spiral Sketch.fbx,Line003
Volumetric Spiral Sketch.fbx,Line004
Volumetric Spiral Sketch.fbx,Line005
Volumetric Spiral Sketch.fbx,Line006
Volumetric Spiral Sketch.fbx,Line007
Volumetric Spiral Sketch.fbx,Rectangle003
Volumetric Spiral Sketch.fbx,Sphere001
Volumetric Pacman Sketch.fbx,Arc001
Volumetric Pacman Sketch.fbx,Arc002
Volumetric Pacman Sketch.fbx,Box001
Volumetric Pacman Sketch.fbx,Box002
Volumetric Pacman Sketch.fbx,Box003
Volumetric Pacman Sketch.fbx,Circle001
Volumetric Pacman Sketch.fbx,Circle002
Volumetric Pacman Sketch.fbx,Circle003
Volumetric Pacman Sketch.fbx,Circle004
Volumetric Pacman Sketch.fbx,Circle005
Volumetric Pacman Sketch.fbx,Circle006
Volumetric Pacman Sketch.fbx,Circle007
Volumetric Pacman Sketch.fbx,Cone001
Volumetric Pacman Sketch.fbx,Cone002
Volumetric Pacman Sketch.fbx,Group50719
Volumetric Pacman Sketch.fbx,Group50720
Volumetric Pacman Sketch.fbx,Line001
Volumetric Pacman Sketch.fbx,Rectangle003
Volumetric Pacman Sketch.fbx,Rectangle004
Volumetric Heart Sketch.fbx,Arc002
Volumetric Heart Sketch.fbx,Arc003
Volumetric Heart Sketch.fbx,Circle002
Volumetric Heart Sketch.fbx,Circle003
Volumetric Heart Sketch.fbx,Circle004
Volumetric Heart Sketch.fbx,Cone001
Volumetric Heart Sketch.fbx,Group20759
Volumetric Heart Sketch.fbx,Group20760
Volumetric Heart Sketch.fbx,Group20761
Volumetric Heart Sketch.fbx,Group20762
Volumetric Heart Sketch.fbx,Group20763
Volumetric Heart Sketch.fbx,Group20764
Volumetric Heart Sketch.fbx,Group20765
Volumetric Heart Sketch.fbx,Group50719
Volumetric Heart Sketch.fbx,Group50720
Volumetric Heart Sketch.fbx,Line001
Volumetric Heart Sketch.fbx,Line002
Volumetric Heart Sketch.fbx,Line006
Volumetric Heart Sketch.fbx,Line007
Volumetric Heart Sketch.fbx,Line008
Volumetric Heart Sketch.fbx,Line009
Volumetric Heart Sketch.fbx,Loft001
Volumetric Heart Sketch.fbx,Loft002
Volumetric Tripod Sketch.fbx,Box001
Volumetric Tripod Sketch.fbx,Circle001
Volumetric Tripod Sketch.fbx,Group20764
Volumetric Tripod Sketch.fbx,Group430
Volumetric Tripod Sketch.fbx,Group431
Volumetric Tripod Sketch.fbx,Group432
Volumetric Tripod Sketch.fbx,Group433
Volumetric Tripod Sketch.fbx,Group434
Volumetric Tripod Sketch.fbx,Group435
Volumetric Tripod Sketch.fbx,Group50719
Volumetric Tripod Sketch.fbx,Group50720
Volumetric Tripod Sketch.fbx,Helix001
Volumetric Tripod Sketch.fbx,Line001
Volumetric Tripod Sketch.fbx,Line002
Volumetric Tripod Sketch.fbx,Line003
Volumetric Tripod Sketch.fbx,Line004
Volumetric Tripod Sketch.fbx,Line005
Volumetric Tripod Sketch.fbx,Sphere001
Volumetric Tripod Sketch.fbx,Sphere002
Volumetric Tripod Sketch.fbx,Torus001
Volumetric Prince Rupert Sketch.fbx,Arc001
Volumetric Prince Rupert Sketch.fbx,Box001
Volumetric Prince Rupert Sketch.fbx,Box002
Volumetric Prince Rupert Sketch.fbx,Circle001
Volumetric Prince Rupert Sketch.fbx,Cone001
Volumetric Prince Rupert Sketch.fbx,Cone002
Volumetric Prince Rupert Sketch.fbx,Cone003
Volumetric Prince Rupert Sketch.fbx,Cone004
Volumetric Prince Rupert Sketch.fbx,Group20764
Volumetric Prince Rupert Sketch.fbx,Group50719
Volumetric Prince Rupert Sketch.fbx,Group50720
Volumetric Prince Rupert Sketch.fbx,Group65467
Volumetric Prince Rupert Sketch.fbx,Group65468
Volumetric Prince Rupert Sketch.fbx,Group65469
Volumetric Prince Rupert Sketch.fbx,Group65470
Volumetric Prince Rupert Sketch.fbx,Group65471
Volumetric Prince Rupert Sketch.fbx,Group65472
Volumetric Prince Rupert Sketch.fbx,Line001
Volumetric Prince Rupert Sketch.fbx,Line002
Volumetric Prince Rupert Sketch.fbx,Line003
Volumetric Prince Rupert Sketch.fbx,Line004
Volumetric Wedge Sketch.fbx,Circle001
Volumetric Wedge Sketch.fbx,Group20764
Volumetric Wedge Sketch.fbx,Group50719
Volumetric Wedge Sketch.fbx,Group50720
Volumetric Wedge Sketch.fbx,Group8784
Volumetric Wedge Sketch.fbx,Line001
Volumetric Wedge Sketch.fbx,Line002
Volumetric Wedge Sketch.fbx,Line003
Volumetric Wedge Sketch.fbx,NGon001
Volumetric Wedge Sketch.fbx,NGon002
Volumetric Wedge Sketch.fbx,NGon003
Volumetric Wedge Sketch.fbx,NGon004
Volumetric Wedge Sketch.fbx,NGon005
Volumetric Wedge Sketch.fbx,NGon006
Volumetric Wedge Sketch.fbx,Object001
Volumetric Wedge Sketch.fbx,Object002
Volumetric Wedge Sketch.fbx,Rectangle003
Volumetric Wedge Sketch.fbx,Rectangle005
Volumetric Wedge Sketch.fbx,Sphere001
Volumetric Wedge Sketch.fbx,Sphere002
Volumetric Cylinder Sketch.fbx,Arc001
Volumetric Cylinder Sketch.fbx,Arc002
Volumetric Cylinder Sketch.fbx,Arc003
Volumetric Cylinder Sketch.fbx,Arc004
Volumetric Cylinder Sketch.fbx,Arc005
Volumetric Cylinder Sketch.fbx,Arc006
Volumetric Cylinder Sketch.fbx,Arc007
Volumetric Cylinder Sketch.fbx,Group20764
Volumetric Cylinder Sketch.fbx,Group50719
Volumetric Cylinder Sketch.fbx,Group50720
Volumetric Cylinder Sketch.fbx,Helix001
Volumetric Cylinder Sketch.fbx,Line002
Volumetric Cylinder Sketch.fbx,Line003
Volumetric Cylinder Sketch.fbx,Line004
Volumetric Cylinder Sketch.fbx,Line005
Volumetric Cylinder Sketch.fbx,Pyramid001
Volumetric Cylinder Sketch.fbx,Rectangle001
Volumetric Cylinder Sketch.fbx,Rectangle002
Volumetric Cylinder Sketch.fbx,Rectangle003
Volumetric Crinkle Fry Sketch.fbx,Arc001
Volumetric Crinkle Fry Sketch.fbx,Arc002
Volumetric Crinkle Fry Sketch.fbx,Box001
Volumetric Crinkle Fry Sketch.fbx,Box002
Volumetric Crinkle Fry Sketch.fbx,Box003
Volumetric Crinkle Fry Sketch.fbx,Cone001
Volumetric Crinkle Fry Sketch.fbx,Cone002
Volumetric Crinkle Fry Sketch.fbx,Group20764
Volumetric Crinkle Fry Sketch.fbx,Group50719
Volumetric Crinkle Fry Sketch.fbx,Group50720
Volumetric Crinkle Fry Sketch.fbx,Line001
Volumetric Crinkle Fry Sketch.fbx,Plane001
Volumetric Crinkle Fry Sketch.fbx,Plane002
Volumetric Crinkle Fry Sketch.fbx,Plane003
Volumetric Crinkle Fry Sketch.fbx,Plane004
Volumetric Crinkle Fry Sketch.fbx,Plane005
Volumetric Crinkle Fry Sketch.fbx,Plane006
Volumetric Crinkle Fry Sketch.fbx,Rectangle001
Volumetric Crinkle Fry Sketch.fbx,Rectangle002
Volumetric Crinkle Fry Sketch.fbx,Sphere001
Volumetric Crinkle Fry Sketch.fbx,Sphere002
Volumetric Plus Sketch.fbx,Box001
Volumetric Plus Sketch.fbx,Box002
Volumetric Plus Sketch.fbx,Box003
Volumetric Plus Sketch.fbx,Cone001
Volumetric Plus Sketch.fbx,Cone002
Volumetric Plus Sketch.fbx,Group20764
Volumetric Plus Sketch.fbx,Group50719
Volumetric Plus Sketch.fbx,Group50720
Volumetric Plus Sketch.fbx,Helix001
Volumetric Plus Sketch.fbx,Line001
Volumetric Plus Sketch.fbx,Line002
Volumetric Plus Sketch.fbx,Rectangle003
Volumetric Plus Sketch.fbx,Rectangle004
Volumetric Plus Sketch.fbx,Rectangle005
Volumetric Plus Sketch.fbx,Rectangle006
Volumetric Plus Sketch.fbx,Rectangle007
Volumetric Plus Sketch.fbx,Rectangle008
Volumetric Plus Sketch.fbx,Rectangle009
Volumetric Plus Sketch.fbx,Rectangle010
Volumetric Pyramid Sketch.fbx,Arc001
Volumetric Pyramid Sketch.fbx,Box001
Volumetric Pyramid Sketch.fbx,Box002
Volumetric Pyramid Sketch.fbx,Circle001
Volumetric Pyramid Sketch.fbx,Circle002
Volumetric Pyramid Sketch.fbx,Group20764
Volumetric Pyramid Sketch.fbx,Group50719
Volumetric Pyramid Sketch.fbx,Group50720
Volumetric Pyramid Sketch.fbx,Line001
Volumetric Pyramid Sketch.fbx,Line002
Volumetric Pyramid Sketch.fbx,Line003
Volumetric Pyramid Sketch.fbx,Line004
Volumetric Pyramid Sketch.fbx,Line005
Volumetric Pyramid Sketch.fbx,Pyramid001
Volumetric Pyramid Sketch.fbx,Pyramid002
Volumetric Pyramid Sketch.fbx,Pyramid003
Volumetric Pyramid Sketch.fbx,Pyramid004
Volumetric Pyramid Sketch.fbx,Pyramid005
Volumetric Pyramid Sketch.fbx,Pyramid006
Volumetric Torus Sketch.fbx,Arc001
Volumetric Torus Sketch.fbx,Arc002
Volumetric Torus Sketch.fbx,Arc003
Volumetric Torus Sketch.fbx,Arc004
Volumetric Torus Sketch.fbx,Box001
Volumetric Torus Sketch.fbx,Box002
Volumetric Torus Sketch.fbx,Box003
Volumetric Torus Sketch.fbx,Cone001
Volumetric Torus Sketch.fbx,Cone002
Volumetric Torus Sketch.fbx,Group20764
Volumetric Torus Sketch.fbx,Group50719
Volumetric Torus Sketch.fbx,Group50720
Volumetric Torus Sketch.fbx,Line001
Volumetric Torus Sketch.fbx,Object001
Volumetric Torus Sketch.fbx,Sphere003
Volumetric Torus Sketch.fbx,Sphere004
Volumetric Torus Sketch.fbx,Sphere005
Volumetric Torus Sketch.fbx,Torus001
Volumetric Torus Sketch.fbx,Torus002
Volumetric Torus Sketch.fbx,Torus003
Volumetric Torus Sketch.fbx,Torus004
Volumetric Torus Sketch.fbx,Torus005
Volumetric Torus Sketch.fbx,Torus006
Volumetric Gumdrop Sketch.fbx,Arc001
Volumetric Gumdrop Sketch.fbx,Box002
Volumetric Gumdrop Sketch.fbx,Box003
Volumetric Gumdrop Sketch.fbx,Box004
Volumetric Gumdrop Sketch.fbx,Box005
Volumetric Gumdrop Sketch.fbx,Circle001
Volumetric Gumdrop Sketch.fbx,Circle002
Volumetric Gumdrop Sketch.fbx,Circle003
Volumetric Gumdrop Sketch.fbx,Circle004
Volumetric Gumdrop Sketch.fbx,Circle005
Volumetric Gumdrop Sketch.fbx,Circle006
Volumetric Gumdrop Sketch.fbx,Circle007
Volumetric Gumdrop Sketch.fbx,Circle008
Volumetric Gumdrop Sketch.fbx,Group20764
Volumetric Gumdrop Sketch.fbx,Group50719
Volumetric Gumdrop Sketch.fbx,Group50720
Volumetric Gumdrop Sketch.fbx,Heart_GEO
Volumetric Gumdrop Sketch.fbx,Line001
Volumetric Gumdrop Sketch.fbx,Line002
Volumetric Gumdrop Sketch.fbx,Line003
Volumetric Gumdrop Sketch.fbx,Line004
Volumetric Gumdrop Sketch.fbx,Line005
Volumetric Gumdrop Sketch.fbx,Line006
Volumetric Trefoil Sketch.fbx,Box001
Volumetric Trefoil Sketch.fbx,Box003
Volumetric Trefoil Sketch.fbx,Box004
Volumetric Trefoil Sketch.fbx,Circle001
Volumetric Trefoil Sketch.fbx,Circle002
Volumetric Trefoil Sketch.fbx,Circle003
Volumetric Trefoil Sketch.fbx,Circle004
Volumetric Trefoil Sketch.fbx,Circle005
Volumetric Trefoil Sketch.fbx,Circle006
Volumetric Trefoil Sketch.fbx,Circle006.001
Volumetric Trefoil Sketch.fbx,Cone001
Volumetric Trefoil Sketch.fbx,Cone002
Volumetric Trefoil Sketch.fbx,Group20764
Volumetric Trefoil Sketch.fbx,Group50719
Volumetric Trefoil Sketch.fbx,Group50720
Volumetric Trefoil Sketch.fbx,Plane001
Volumetric Trefoil Sketch.fbx,Sphere001
Volumetric Trefoil Sketch.fbx,Sphere002
Volumetric Trefoil Sketch.fbx,Sphere003
Volumetric Trefoil Sketch.fbx,Sphere004
Volumetric Bowtie Sketch.fbx,Arc002
Volumetric Bowtie Sketch.fbx,Arc003
Volumetric Bowtie Sketch.fbx,Arc004
Volumetric Bowtie Sketch.fbx,Arc005
Volumetric Bowtie Sketch.fbx,Arc006
Volumetric Bowtie Sketch.fbx,Arc007
Volumetric Bowtie Sketch.fbx,Circle001
Volumetric Bowtie Sketch.fbx,Circle002
Volumetric Bowtie Sketch.fbx,Circle006
Volumetric Bowtie Sketch.fbx,Group007
Volumetric Bowtie Sketch.fbx,Group20764
Volumetric Bowtie Sketch.fbx,Group50719
Volumetric Bowtie Sketch.fbx,Group50720
Volumetric Bowtie Sketch.fbx,Line001
Volumetric Bowtie Sketch.fbx,Line002
Volumetric Bowtie Sketch.fbx,Line003
Volumetric Bowtie Sketch.fbx,Line004
Volumetric Bowtie Sketch.fbx,Line005
Volumetric Bowtie Sketch.fbx,Line006
Volumetric Bowtie Sketch.fbx,Rectangle001
Volumetric Bowtie Sketch.fbx,Rectangle002
Volumetric Bowtie Sketch.fbx,Rectangle003
Volumetric Bowtie Sketch.fbx,Sphere001
Volumetric Bowtie Sketch.fbx,Sphere004
Volumetric Frustum Sketch.fbx,Box001
Volumetric Frustum Sketch.fbx,Box002
Volumetric Frustum Sketch.fbx,Box003
Volumetric Frustum Sketch.fbx,Box004
Volumetric Frustum Sketch.fbx,Circle001
Volumetric Frustum Sketch.fbx,Circle002
Volumetric Frustum Sketch.fbx,Circle003
Volumetric Frustum Sketch.fbx,Circle004
Volumetric Frustum Sketch.fbx,Circle005
Volumetric Frustum Sketch.fbx,Circle006
Volumetric Frustum Sketch.fbx,Circle006.001
Volumetric Frustum Sketch.fbx,Circle007
Volumetric Frustum Sketch.fbx,Circle014
Volumetric Frustum Sketch.fbx,Circle015
Volumetric Frustum Sketch.fbx,Circle016
Volumetric Frustum Sketch.fbx,Cone001
Volumetric Frustum Sketch.fbx,Group001
Volumetric Frustum Sketch.fbx,Group007
Volumetric Frustum Sketch.fbx,Group20764
Volumetric Frustum Sketch.fbx,Group50719
Volumetric Frustum Sketch.fbx,Group50720
Volumetric Frustum Sketch.fbx,Line001
Volumetric Frustum Sketch.fbx,Line002
Volumetric Frustum Sketch.fbx,Rectangle001
Volumetric Frustum Sketch.fbx,Rectangle002
Volumetric U-Shape Sketch.fbx,Box001
Volumetric U-Shape Sketch.fbx,Box002
Volumetric U-Shape Sketch.fbx,Circle001
Volumetric U-Shape Sketch.fbx,Circle002
Volumetric U-Shape Sketch.fbx,Circle006
Volumetric U-Shape Sketch.fbx,Group001
Volumetric U-Shape Sketch.fbx,Group007
Volumetric U-Shape Sketch.fbx,Group20764
Volumetric U-Shape Sketch.fbx,Group50719
Volumetric U-Shape Sketch.fbx,Group50720
Volumetric U-Shape Sketch.fbx,Line001
Volumetric U-Shape Sketch.fbx,Line002
Volumetric U-Shape Sketch.fbx,Line003
Volumetric U-Shape Sketch.fbx,Line004
Volumetric U-Shape Sketch.fbx,Line005
Volumetric U-Shape Sketch.fbx,Rectangle006
Volumetric U-Shape Sketch.fbx,Rectangle007
Volumetric U-Shape Sketch.fbx,Rectangle008
Volumetric U-Shape Sketch.fbx,Rectangle009
Volumetric U-Shape Sketch.fbx,Rectangle010
Volumetric U-Shape Sketch.fbx,Rectangle011
Volumetric U-Shape Sketch.fbx,Rectangle012
Volumetric U-Shape Sketch.fbx,Sphere003
Volumetric Sims Diamond Sketch.fbx,Arc001
Volumetric Sims Diamond Sketch.fbx,Box001
Volumetric Sims Diamond Sketch.fbx,Box002
Volumetric Sims Diamond Sketch.fbx,Circle001
Volumetric Sims Diamond Sketch.fbx,Circle002
Volumetric Sims Diamond Sketch.fbx,Circle003
Volumetric Sims Diamond Sketch.fbx,Circle006
Volumetric Sims Diamond Sketch.fbx,Group001
Volumetric Sims Diamond Sketch.fbx,Group007
Volumetric Sims Diamond Sketch.fbx,Group20764
Volumetric Sims Diamond Sketch.fbx,Group50719
Volumetric Sims Diamond Sketch.fbx,Group50720
Volumetric Sims Diamond Sketch.fbx,Group57593
Volumetric Sims Diamond Sketch.fbx,Line001
Volumetric Sims Diamond Sketch.fbx,Line002
Volumetric Sims Diamond Sketch.fbx,Line004
Volumetric Sims Diamond Sketch.fbx,Line005
Volumetric Sims Diamond Sketch.fbx,Pyramid001
Volumetric Sims Diamond Sketch.fbx,Pyramid002
Volumetric Sims Diamond Sketch.fbx,Pyramid003
Volumetric Sims Diamond Sketch.fbx,Pyramid004
Volumetric Sims Diamond Sketch.fbx,Pyramid005
Volumetric Sims Diamond Sketch.fbx,Pyramid006
Volumetric Sims Diamond Sketch.fbx,Pyramid007
Volumetric Sims Diamond Sketch.fbx,Pyramid008
Volumetric Arrow Sketch.fbx,Circle003
Volumetric Arrow Sketch.fbx,Circle006
Volumetric Arrow Sketch.fbx,Circle010
Volumetric Arrow Sketch.fbx,Cone003
Volumetric Arrow Sketch.fbx,Cone004
Volumetric Arrow Sketch.fbx,Cone007
Volumetric Arrow Sketch.fbx,Cone008
Volumetric Arrow Sketch.fbx,Cylinder001
Volumetric Arrow Sketch.fbx,Cylinder002
Volumetric Arrow Sketch.fbx,Cylinder003
Volumetric Arrow Sketch.fbx,Group001
Volumetric Arrow Sketch.fbx,Group007
Volumetric Arrow Sketch.fbx,Group20764
Volumetric Arrow Sketch.fbx,Group50719
Volumetric Arrow Sketch.fbx,Group50720
Volumetric Arrow Sketch.fbx,Line012
Volumetric Arrow Sketch.fbx,Line014
Volumetric Arrow Sketch.fbx,Line015
Volumetric Arrow Sketch.fbx,Line016
Volumetric Arrow Sketch.fbx,Line017
Volumetric Arrow Sketch.fbx,Line018
Volumetric Arrow Sketch.fbx,Line019
Volumetric Arrow Sketch.fbx,Sphere001
Volumetric Arrow Sketch.fbx,Sphere002
Volumetric Arrow Sketch.fbx,Sphere003
Volumetric Arrow Sketch.fbx,Torus004
Volumetric Moon Sketch.fbx,Box001
Volumetric Moon Sketch.fbx,Circle006
Volumetric Moon Sketch.fbx,Group001
Volumetric Moon Sketch.fbx,Group007
Volumetric Moon Sketch.fbx,Group20764
Volumetric Moon Sketch.fbx,Group31121
Volumetric Moon Sketch.fbx,Group31122
Volumetric Moon Sketch.fbx,Group31123
Volumetric Moon Sketch.fbx,Group31124
Volumetric Moon Sketch.fbx,Group31125
Volumetric Moon Sketch.fbx,Group31126
Volumetric Moon Sketch.fbx,Group50719
Volumetric Moon Sketch.fbx,Group50720
Volumetric Moon Sketch.fbx,Helix001
Volumetric Moon Sketch.fbx,Line001
Volumetric Moon Sketch.fbx,Line002
Volumetric Moon Sketch.fbx,Line003
Volumetric Moon Sketch.fbx,Line004
Volumetric Moon Sketch.fbx,Object001
Volumetric Moon Sketch.fbx,Object002
Volumetric Moon Sketch.fbx,Rectangle001
Volumetric Moon Sketch.fbx,Rectangle002
Volumetric Moon Sketch.fbx,Rectangle003
Volumetric Moon Sketch.fbx,Tube001
Volumetric Boot Sketch.fbx,Arc001
Volumetric Boot Sketch.fbx,Circle001
Volumetric Boot Sketch.fbx,Circle006
Volumetric Boot Sketch.fbx,Cone001
Volumetric Boot Sketch.fbx,Group001
Volumetric Boot Sketch.fbx,Group007
Volumetric Boot Sketch.fbx,Group20764
Volumetric Boot Sketch.fbx,Group34967
Volumetric Boot Sketch.fbx,Group48743
Volumetric Boot Sketch.fbx,Group48744
Volumetric Boot Sketch.fbx,Group48745
Volumetric Boot Sketch.fbx,Group48746
Volumetric Boot Sketch.fbx,Group48747
Volumetric Boot Sketch.fbx,Group48748
Volumetric Boot Sketch.fbx,Group50719
Volumetric Boot Sketch.fbx,Group50720
Volumetric Boot Sketch.fbx,Line001
Volumetric Boot Sketch.fbx,Line002
Volumetric Boot Sketch.fbx,Line003
Volumetric Boot Sketch.fbx,Line004
Volumetric Boot Sketch.fbx,Line005
Volumetric Boot Sketch.fbx,Line006
Volumetric Diamond Sketch.fbx,Box001
Volumetric Diamond Sketch.fbx,Circle001
Volumetric Diamond Sketch.fbx,Circle002
Volumetric Diamond Sketch.fbx,Circle003
Volumetric Diamond Sketch.fbx,Circle006
Volumetric Diamond Sketch.fbx,Cone001
Volumetric Diamond Sketch.fbx,Cone002
Volumetric Diamond Sketch.fbx,Group001
Volumetric Diamond Sketch.fbx,Group007
Volumetric Diamond Sketch.fbx,Group20764
Volumetric Diamond Sketch.fbx,Group50719
Volumetric Diamond Sketch.fbx,Group50720
Volumetric Diamond Sketch.fbx,Line001
Volumetric Diamond Sketch.fbx,Line003
Volumetric Diamond Sketch.fbx,Line004
Volumetric Diamond Sketch.fbx,Line005
Volumetric Diamond Sketch.fbx,Line006
Volumetric Diamond Sketch.fbx,Line007
Volumetric Diamond Sketch.fbx,Line008
Volumetric Diamond Sketch.fbx,Line009
Volumetric Diamond Sketch.fbx,Line010
Volumetric Diamond Sketch.fbx,Line011
Volumetric Diamond Sketch.fbx,Rectangle001
Volumetric Diamond Sketch.fbx,Sphere001
Volumetric Rock Candy Sketch.fbx,Arc001
Volumetric Rock Candy Sketch.fbx,Box002
Volumetric Rock Candy Sketch.fbx,Circle006
Volumetric Rock Candy Sketch.fbx,Group001
Volumetric Rock Candy Sketch.fbx,Group007
Volumetric Rock Candy Sketch.fbx,Group20764
Volumetric Rock Candy Sketch.fbx,Group43081
Volumetric Rock Candy Sketch.fbx,Group43082
Volumetric Rock Candy Sketch.fbx,Group43083
Volumetric Rock Candy Sketch.fbx,Group43084
Volumetric Rock Candy Sketch.fbx,Group43085
Volumetric Rock Candy Sketch.fbx,Group43086
Volumetric Rock Candy Sketch.fbx,Group50719
Volumetric Rock Candy Sketch.fbx,Group50720
Volumetric Rock Candy Sketch.fbx,Line001
Volumetric Rock Candy Sketch.fbx,Line002
Volumetric Rock Candy Sketch.fbx,Line003
Volumetric Rock Candy Sketch.fbx,Line004
Volumetric Rock Candy Sketch.fbx,Line005
Volumetric Rock Candy Sketch.fbx,Line006
Volumetric Rock Candy Sketch.fbx,Line007
Volumetric Rock Candy Sketch.fbx,Rectangle001
Volumetric Rock Candy Sketch.fbx,Sphere002
Volumetric Bowl Sketch.fbx,Circle006
Volumetric Bowl Sketch.fbx,Group001
Volumetric Bowl Sketch.fbx,Group007
Volumetric Bowl Sketch.fbx,Group20764
Volumetric Bowl Sketch.fbx,Group50719
Volumetric Bowl Sketch.fbx,Group50720
Volumetric Bowl Sketch.fbx,Line001
Volumetric Bowl Sketch.fbx,Line002
Volumetric Bowl Sketch.fbx,Line003
Volumetric Bowl Sketch.fbx,Line004
Volumetric Bowl Sketch.fbx,Line005
Volumetric Bowl Sketch.fbx,Rectangle001
Volumetric Bowl Sketch.fbx,Rectangle002
Volumetric Bowl Sketch.fbx,Rectangle003
Volumetric Bowl Sketch.fbx,Sphere001
Volumetric Bowl Sketch.fbx,Sphere002
Volumetric Bowl Sketch.fbx,Sphere003
Volumetric Bowl Sketch.fbx,Sphere004
Volumetric Bowl Sketch.fbx,Sphere005
Volumetric Bowl Sketch.fbx,Sphere006
Volumetric Bowl Sketch.fbx,Sphere007
Volumetric Bowl Sketch.fbx,Sphere008
